date,category,amount,description
2024-01-01,Groceries,-15.95,Groceries purchase
2024-01-01,Shopping,-92.56,Shopping purchase
2024-01-01,Entertainment,-4.95,Entertainment purchase
2024-01-01,Health,-101.57,Health purchase
2024-01-01,Salary,3500.0,Monthly salary
2024-01-02,Groceries,-32.69,Groceries purchase
2024-01-02,Rent,-1400.0,Rent payment
2024-01-03,Utilities,-65.11,Utilities purchase
2024-01-03,Dining,-27.05,Dining purchase
2024-01-04,Transport,-24.92,Transport purchase
2024-01-04,Groceries,-53.31,Groceries purchase
2024-01-05,Health,-116.22,Health purchase
2024-01-06,Entertainment,-24.25,Entertainment purchase
2024-01-06,Groceries,-45.67,Groceries purchase
2024-01-08,Transport,-23.23,Transport purchase
2024-01-08,Groceries,-77.93,Groceries purchase
2024-01-08,Shopping,-141.29,Shopping purchase
2024-01-09,Groceries,-15.08,Groceries purchase
2024-01-09,Dining,-28.21,Dining purchase
2024-01-09,Dining,-51.09,Dining purchase
2024-01-10,Transport,-8.21,Transport purchase
2024-01-11,Health,-94.95,Health purchase
2024-01-12,Shopping,-107.79,Shopping purchase
2024-01-13,Shopping,-95.75,Shopping purchase
2024-01-13,Dining,-14.03,Dining purchase
2024-01-14,Dining,-24.91,Dining purchase
2024-01-15,Entertainment,-39.0,Entertainment purchase
2024-01-15,Transport,-31.53,Transport purchase
2024-01-15,Transport,-22.34,Transport purchase
2024-01-15,Dining,-9.32,Dining purchase
2024-01-18,Shopping,-41.9,Shopping purchase
2024-01-18,Dining,-47.29,Dining purchase
2024-01-19,Dining,-16.38,Dining purchase
2024-01-20,Shopping,-129.95,Shopping purchase
2024-01-20,Groceries,-41.04,Groceries purchase
2024-01-20,Dining,-13.72,Dining purchase
2024-01-20,Shopping,-135.04,Shopping purchase
2024-01-20,Shopping,-83.67,Shopping purchase
2024-01-22,Groceries,-34.96,Groceries purchase
2024-01-22,Health,-45.55,Health purchase
2024-01-23,Transport,-14.13,Transport purchase
2024-01-23,Dining,-9.92,Dining purchase
2024-01-23,Utilities,-130.48,Utilities purchase
2024-01-23,Groceries,-30.95,Groceries purchase
2024-01-23,Shopping,-40.5,Shopping purchase
2024-01-24,Health,-36.63,Health purchase
2024-01-25,Utilities,-136.44,Utilities purchase
2024-01-25,Groceries,-68.8,Groceries purchase
2024-01-25,Dining,-40.88,Dining purchase
2024-01-26,Groceries,-52.18,Groceries purchase
2024-01-27,Transport,-11.38,Transport purchase
2024-01-28,Dining,-56.71,Dining purchase
2024-01-28,Groceries,-35.19,Groceries purchase
2024-01-29,Shopping,-43.14,Shopping purchase
2024-01-30,Groceries,-73.01,Groceries purchase
2024-01-30,Shopping,-97.17,Shopping purchase
2024-01-30,Dining,-26.16,Dining purchase
2024-01-30,Entertainment,-45.27,Entertainment purchase
2024-01-31,Groceries,-57.12,Groceries purchase
2024-01-31,Groceries,-73.1,Groceries purchase
2024-01-31,Utilities,-41.66,Utilities purchase
2024-02-01,Salary,3500.0,Monthly salary
2024-02-02,Entertainment,-33.99,Entertainment purchase
2024-02-02,Rent,-1400.0,Rent payment
2024-02-03,Dining,-46.82,Dining purchase
2024-02-03,Utilities,-192.86,Utilities purchase
2024-02-04,Groceries,-78.16,Groceries purchase
2024-02-04,Dining,-21.79,Dining purchase
2024-02-05,Dining,-9.26,Dining purchase
2024-02-05,Utilities,-71.88,Utilities purchase
2024-02-05,Transport,-21.22,Transport purchase
2024-02-05,Groceries,-61.13,Groceries purchase
2024-02-06,Dining,-52.26,Dining purchase
2024-02-06,Shopping,-48.4,Shopping purchase
2024-02-06,Health,-57.1,Health purchase
2024-02-06,Health,-116.0,Health purchase
2024-02-07,Transport,-37.64,Transport purchase
2024-02-08,Utilities,-218.21,Utilities purchase
2024-02-08,Groceries,-47.25,Groceries purchase
2024-02-09,Shopping,-122.66,Shopping purchase
2024-02-09,Shopping,-137.51,Shopping purchase
2024-02-09,Transport,-21.56,Transport purchase
2024-02-09,Shopping,-99.59,Shopping purchase
2024-02-09,Entertainment,-40.61,Entertainment purchase
2024-02-10,Transport,-4.33,Transport purchase
2024-02-10,Transport,-23.08,Transport purchase
2024-02-10,Dining,-38.72,Dining purchase
2024-02-13,Transport,-31.49,Transport purchase
2024-02-13,Groceries,-54.36,Groceries purchase
2024-02-16,Health,-101.96,Health purchase
2024-02-16,Groceries,-13.72,Groceries purchase
2024-02-16,Entertainment,-22.81,Entertainment purchase
2024-02-16,Dining,-49.35,Dining purchase
2024-02-16,Dining,-30.83,Dining purchase
2024-02-17,Groceries,-49.35,Groceries purchase
2024-02-18,Groceries,-19.89,Groceries purchase
2024-02-18,Dining,-47.41,Dining purchase
2024-02-18,Transport,-25.63,Transport purchase
2024-02-18,Dining,-20.88,Dining purchase
2024-02-21,Transport,-20.52,Transport purchase
2024-02-21,Groceries,-41.5,Groceries purchase
2024-02-21,Dining,-40.02,Dining purchase
2024-02-22,Dining,-40.54,Dining purchase
2024-02-23,Groceries,-55.68,Groceries purchase
2024-02-23,Groceries,-51.83,Groceries purchase
2024-02-23,Health,-73.3,Health purchase
2024-02-24,Health,-109.59,Health purchase
2024-02-24,Groceries,-16.72,Groceries purchase
2024-02-24,Health,-52.47,Health purchase
2024-02-28,Dining,-51.93,Dining purchase
2024-03-01,Entertainment,-32.93,Entertainment purchase
2024-03-01,Shopping,-111.85,Shopping purchase
2024-03-01,Salary,3500.0,Monthly salary
2024-03-02,Entertainment,-41.11,Entertainment purchase
2024-03-02,Health,-55.39,Health purchase
2024-03-02,Rent,-1400.0,Rent payment
2024-03-03,Health,-104.43,Health purchase
2024-03-03,Dining,-47.05,Dining purchase
2024-03-04,Shopping,-78.76,Shopping purchase
2024-03-05,Health,-114.57,Health purchase
2024-03-05,Groceries,-33.71,Groceries purchase
2024-03-05,Groceries,-73.57,Groceries purchase
2024-03-06,Dining,-42.97,Dining purchase
2024-03-06,Entertainment,-40.41,Entertainment purchase
2024-03-06,Shopping,-19.13,Shopping purchase
2024-03-07,Transport,-19.34,Transport purchase
2024-03-08,Groceries,-63.78,Groceries purchase
2024-03-08,Utilities,-58.2,Utilities purchase
2024-03-10,Shopping,-107.7,Shopping purchase
2024-03-13,Shopping,-86.41,Shopping purchase
2024-03-13,Dining,-55.13,Dining purchase
2024-03-13,Health,-92.87,Health purchase
2024-03-13,Dining,-12.34,Dining purchase
2024-03-14,Groceries,-43.87,Groceries purchase
2024-03-16,Utilities,-174.29,Utilities purchase
2024-03-17,Shopping,-38.2,Shopping purchase
2024-03-17,Health,-11.34,Health purchase
2024-03-17,Health,-14.75,Health purchase
2024-03-18,Transport,-38.86,Transport purchase
2024-03-18,Transport,-26.29,Transport purchase
2024-03-18,Entertainment,-24.91,Entertainment purchase
2024-03-19,Shopping,-71.61,Shopping purchase
2024-03-19,Dining,-57.42,Dining purchase
2024-03-19,Utilities,-89.93,Utilities purchase
2024-03-20,Dining,-38.35,Dining purchase
2024-03-22,Entertainment,-11.48,Entertainment purchase
2024-03-22,Shopping,-124.45,Shopping purchase
2024-03-22,Health,-89.83,Health purchase
2024-03-22,Utilities,-115.28,Utilities purchase
2024-03-22,Health,-105.27,Health purchase
2024-03-25,Transport,-17.09,Transport purchase
2024-03-25,Health,-102.63,Health purchase
2024-03-25,Shopping,-73.49,Shopping purchase
2024-03-26,Shopping,-123.06,Shopping purchase
2024-03-26,Health,-119.63,Health purchase
2024-03-27,Utilities,-104.47,Utilities purchase
2024-03-27,Groceries,-57.68,Groceries purchase
2024-03-27,Transport,-7.78,Transport purchase
2024-03-27,Health,-76.68,Health purchase
2024-03-28,Transport,-31.58,Transport purchase
2024-03-29,Dining,-38.68,Dining purchase
2024-03-29,Groceries,-13.96,Groceries purchase
2024-03-29,Entertainment,-32.53,Entertainment purchase
2024-03-29,Entertainment,-13.8,Entertainment purchase
2024-03-29,Groceries,-12.99,Groceries purchase
2024-03-30,Shopping,-142.73,Shopping purchase
2024-03-30,Dining,-40.35,Dining purchase
2024-03-30,Transport,-32.0,Transport purchase
2024-03-31,Dining,-31.88,Dining purchase
2024-03-31,Health,-64.19,Health purchase
2024-04-01,Groceries,-20.76,Groceries purchase
2024-04-01,Groceries,-22.33,Groceries purchase
2024-04-01,Salary,3500.0,Monthly salary
2024-04-02,Groceries,-35.51,Groceries purchase
2024-04-02,Rent,-1400.0,Rent payment
2024-04-03,Groceries,-30.94,Groceries purchase
2024-04-03,Groceries,-18.03,Groceries purchase
2024-04-03,Groceries,-14.78,Groceries purchase
2024-04-04,Groceries,-36.77,Groceries purchase
2024-04-05,Shopping,-96.42,Shopping purchase
2024-04-05,Groceries,-71.4,Groceries purchase
2024-04-06,Dining,-49.92,Dining purchase
2024-04-07,Dining,-33.2,Dining purchase
2024-04-07,Utilities,-106.4,Utilities purchase
2024-04-08,Groceries,-60.51,Groceries purchase
2024-04-08,Shopping,-79.68,Shopping purchase
2024-04-09,Transport,-22.71,Transport purchase
2024-04-10,Dining,-9.04,Dining purchase
2024-04-11,Dining,-14.23,Dining purchase
2024-04-12,Transport,-16.18,Transport purchase
2024-04-12,Groceries,-31.3,Groceries purchase
2024-04-12,Dining,-41.59,Dining purchase
2024-04-12,Entertainment,-23.86,Entertainment purchase
2024-04-12,Transport,-24.71,Transport purchase
2024-04-13,Groceries,-28.73,Groceries purchase
2024-04-13,Groceries,-24.69,Groceries purchase
2024-04-13,Dining,-17.02,Dining purchase
2024-04-14,Transport,-18.18,Transport purchase
2024-04-15,Dining,-58.41,Dining purchase
2024-04-16,Entertainment,-46.75,Entertainment purchase
2024-04-16,Transport,-24.15,Transport purchase
2024-04-16,Dining,-48.01,Dining purchase
2024-04-17,Dining,-34.4,Dining purchase
2024-04-18,Utilities,-91.95,Utilities purchase
2024-04-19,Transport,-22.71,Transport purchase
2024-04-21,Groceries,-79.32,Groceries purchase
2024-04-22,Entertainment,-38.97,Entertainment purchase
2024-04-22,Transport,-20.45,Transport purchase
2024-04-23,Groceries,-61.7,Groceries purchase
2024-04-23,Health,-29.94,Health purchase
2024-04-23,Groceries,-62.4,Groceries purchase
2024-04-23,Transport,-34.15,Transport purchase
2024-04-24,Groceries,-23.17,Groceries purchase
2024-04-24,Shopping,-101.79,Shopping purchase
2024-04-25,Dining,-46.88,Dining purchase
2024-04-25,Shopping,-69.24,Shopping purchase
2024-04-25,Dining,-32.06,Dining purchase
2024-04-26,Dining,-36.26,Dining purchase
2024-04-26,Shopping,-95.89,Shopping purchase
2024-04-27,Utilities,-100.28,Utilities purchase
2024-04-28,Utilities,-136.02,Utilities purchase
2024-04-29,Dining,-20.92,Dining purchase
2024-04-29,Entertainment,-5.54,Entertainment purchase
2024-04-30,Groceries,-61.11,Groceries purchase
2024-04-30,Shopping,-27.59,Shopping purchase
2024-04-30,Groceries,-69.56,Groceries purchase
2024-04-30,Groceries,-39.02,Groceries purchase
2024-05-01,Dining,-17.44,Dining purchase
2024-05-01,Shopping,-90.01,Shopping purchase
2024-05-01,Dining,-32.02,Dining purchase
2024-05-01,Health,-26.87,Health purchase
2024-05-01,Salary,3500.0,Monthly salary
2024-05-02,Shopping,-107.84,Shopping purchase
2024-05-02,Shopping,-140.23,Shopping purchase
2024-05-02,Transport,-28.78,Transport purchase
2024-05-02,Rent,-1400.0,Rent payment
2024-05-03,Utilities,-116.34,Utilities purchase
2024-05-04,Transport,-17.76,Transport purchase
2024-05-04,Shopping,-80.71,Shopping purchase
2024-05-04,Groceries,-74.62,Groceries purchase
2024-05-04,Health,-102.28,Health purchase
2024-05-06,Dining,-28.7,Dining purchase
2024-05-06,Transport,-37.03,Transport purchase
2024-05-07,Transport,-11.31,Transport purchase
2024-05-07,Transport,-8.21,Transport purchase
2024-05-08,Dining,-55.57,Dining purchase
2024-05-09,Entertainment,-12.19,Entertainment purchase
2024-05-09,Health,-26.35,Health purchase
2024-05-09,Dining,-12.44,Dining purchase
2024-05-10,Groceries,-14.49,Groceries purchase
2024-05-10,Shopping,-35.54,Shopping purchase
2024-05-10,Entertainment,-13.66,Entertainment purchase
2024-05-11,Shopping,-71.27,Shopping purchase
2024-05-11,Transport,-19.31,Transport purchase
2024-05-12,Groceries,-70.6,Groceries purchase
2024-05-12,Health,-51.06,Health purchase
2024-05-13,Groceries,-22.62,Groceries purchase
2024-05-13,Entertainment,-34.31,Entertainment purchase
2024-05-15,Entertainment,-4.91,Entertainment purchase
2024-05-17,Groceries,-18.76,Groceries purchase
2024-05-17,Groceries,-61.11,Groceries purchase
2024-05-18,Groceries,-51.65,Groceries purchase
2024-05-18,Groceries,-13.8,Groceries purchase
2024-05-18,Dining,-54.61,Dining purchase
2024-05-18,Groceries,-17.81,Groceries purchase
2024-05-19,Dining,-27.74,Dining purchase
2024-05-19,Transport,-12.92,Transport purchase
2024-05-19,Utilities,-113.69,Utilities purchase
2024-05-20,Health,-94.0,Health purchase
2024-05-20,Groceries,-71.06,Groceries purchase
2024-05-21,Groceries,-68.78,Groceries purchase
2024-05-21,Dining,-36.16,Dining purchase
2024-05-21,Utilities,-86.42,Utilities purchase
2024-05-21,Health,-67.83,Health purchase
2024-05-22,Groceries,-74.17,Groceries purchase
2024-05-23,Dining,-36.82,Dining purchase
2024-05-24,Groceries,-73.2,Groceries purchase
2024-05-24,Shopping,-92.03,Shopping purchase
2024-05-24,Utilities,-159.71,Utilities purchase
2024-05-25,Dining,-34.98,Dining purchase
2024-05-25,Groceries,-23.31,Groceries purchase
2024-05-26,Utilities,-84.16,Utilities purchase
2024-05-27,Transport,-20.61,Transport purchase
2024-05-27,Entertainment,-17.67,Entertainment purchase
2024-05-28,Transport,-4.9,Transport purchase
2024-05-28,Transport,-25.08,Transport purchase
2024-05-28,Groceries,-29.83,Groceries purchase
2024-05-29,Transport,-28.47,Transport purchase
2024-05-29,Groceries,-61.52,Groceries purchase
2024-05-30,Shopping,-121.12,Shopping purchase
2024-05-31,Groceries,-74.38,Groceries purchase
2024-05-31,Groceries,-76.62,Groceries purchase
2024-05-31,Transport,-9.85,Transport purchase
2024-06-01,Groceries,-45.28,Groceries purchase
2024-06-01,Groceries,-79.16,Groceries purchase
2024-06-01,Health,-14.34,Health purchase
2024-06-01,Entertainment,-46.56,Entertainment purchase
2024-06-01,Groceries,-50.62,Groceries purchase
2024-06-01,Shopping,-10.89,Shopping purchase
2024-06-01,Salary,3500.0,Monthly salary
2024-06-02,Rent,-1400.0,Rent payment
2024-06-02,Groceries,-59.35,Groceries purchase
2024-06-02,Groceries,-20.2,Groceries purchase
2024-06-02,Shopping,-127.62,Shopping purchase
2024-06-02,Dining,-51.1,Dining purchase
2024-06-02,Groceries,-52.55,Groceries purchase
2024-06-03,Dining,-36.05,Dining purchase
2024-06-03,Shopping,-51.9,Shopping purchase
2024-06-04,Groceries,-71.17,Groceries purchase
2024-06-04,Groceries,-71.48,Groceries purchase
2024-06-04,Transport,-37.75,Transport purchase
2024-06-05,Dining,-46.35,Dining purchase
2024-06-05,Entertainment,-23.22,Entertainment purchase
2024-06-05,Transport,-26.22,Transport purchase
2024-06-05,Shopping,-147.71,Shopping purchase
2024-06-06,Dining,-22.94,Dining purchase
2024-06-07,Groceries,-13.22,Groceries purchase
2024-06-08,Groceries,-76.6,Groceries purchase
2024-06-08,Shopping,-18.88,Shopping purchase
2024-06-08,Dining,-53.71,Dining purchase
2024-06-09,Health,-35.48,Health purchase
2024-06-09,Health,-81.46,Health purchase
2024-06-09,Utilities,-132.28,Utilities purchase
2024-06-10,Groceries,-24.68,Groceries purchase
2024-06-11,Health,-119.44,Health purchase
2024-06-11,Health,-107.22,Health purchase
2024-06-12,Entertainment,-36.02,Entertainment purchase
2024-06-13,Groceries,-48.51,Groceries purchase
2024-06-13,Transport,-24.46,Transport purchase
2024-06-15,Shopping,-143.61,Shopping purchase
2024-06-15,Shopping,-122.57,Shopping purchase
2024-06-16,Dining,-27.38,Dining purchase
2024-06-16,Dining,-45.62,Dining purchase
2024-06-17,Groceries,-58.46,Groceries purchase
2024-06-19,Entertainment,-43.13,Entertainment purchase
2024-06-19,Shopping,-120.83,Shopping purchase
2024-06-19,Transport,-12.88,Transport purchase
2024-06-19,Dining,-43.26,Dining purchase
2024-06-20,Shopping,-131.55,Shopping purchase
2024-06-20,Groceries,-68.16,Groceries purchase
2024-06-20,Groceries,-34.79,Groceries purchase
2024-06-20,Entertainment,-11.39,Entertainment purchase
2024-06-20,Shopping,-125.83,Shopping purchase
2024-06-20,Transport,-3.24,Transport purchase
2024-06-20,Dining,-40.08,Dining purchase
2024-06-21,Transport,-38.63,Transport purchase
2024-06-21,Groceries,-63.75,Groceries purchase
2024-06-21,Transport,-31.85,Transport purchase
2024-06-22,Health,-85.67,Health purchase
2024-06-22,Groceries,-32.47,Groceries purchase
2024-06-22,Entertainment,-7.1,Entertainment purchase
2024-06-23,Shopping,-146.18,Shopping purchase
2024-06-23,Health,-92.46,Health purchase
2024-06-23,Groceries,-63.56,Groceries purchase
2024-06-26,Transport,-13.12,Transport purchase
2024-06-26,Health,-56.88,Health purchase
2024-06-26,Transport,-9.05,Transport purchase
2024-06-27,Groceries,-41.4,Groceries purchase
2024-06-27,Dining,-57.44,Dining purchase
2024-06-27,Entertainment,-34.11,Entertainment purchase
2024-06-28,Dining,-59.17,Dining purchase
2024-06-28,Dining,-54.49,Dining purchase
2024-06-28,Groceries,-26.49,Groceries purchase
2024-06-30,Health,-30.41,Health purchase
2024-06-30,Shopping,-117.83,Shopping purchase
2024-06-30,Shopping,-127.65,Shopping purchase
2024-07-01,Groceries,-74.62,Groceries purchase
2024-07-01,Utilities,-183.38,Utilities purchase
2024-07-01,Salary,3500.0,Monthly salary
2024-07-02,Rent,-1400.0,Rent payment
2024-07-02,Groceries,-58.62,Groceries purchase
2024-07-03,Transport,-5.38,Transport purchase
2024-07-04,Transport,-3.43,Transport purchase
2024-07-04,Groceries,-38.69,Groceries purchase
2024-07-04,Transport,-25.2,Transport purchase
2024-07-05,Transport,-6.88,Transport purchase
2024-07-05,Groceries,-79.09,Groceries purchase
2024-07-05,Groceries,-45.92,Groceries purchase
2024-07-05,Utilities,-166.44,Utilities purchase
2024-07-06,Dining,-34.92,Dining purchase
2024-07-08,Groceries,-38.99,Groceries purchase
2024-07-09,Entertainment,-40.83,Entertainment purchase
2024-07-10,Groceries,-55.28,Groceries purchase
2024-07-11,Health,-15.72,Health purchase
2024-07-12,Entertainment,-7.75,Entertainment purchase
2024-07-12,Utilities,-134.75,Utilities purchase
2024-07-12,Shopping,-17.54,Shopping purchase
2024-07-12,Shopping,-84.85,Shopping purchase
2024-07-12,Shopping,-71.13,Shopping purchase
2024-07-14,Shopping,-37.57,Shopping purchase
2024-07-15,Shopping,-100.85,Shopping purchase
2024-07-15,Transport,-23.55,Transport purchase
2024-07-16,Groceries,-58.26,Groceries purchase
2024-07-16,Groceries,-14.08,Groceries purchase
2024-07-16,Dining,-32.06,Dining purchase
2024-07-16,Shopping,-110.71,Shopping purchase
2024-07-17,Dining,-59.36,Dining purchase
2024-07-17,Groceries,-70.96,Groceries purchase
2024-07-18,Transport,-36.76,Transport purchase
2024-07-18,Shopping,-135.7,Shopping purchase
2024-07-18,Dining,-22.4,Dining purchase
2024-07-19,Entertainment,-10.05,Entertainment purchase
2024-07-19,Entertainment,-45.82,Entertainment purchase
2024-07-20,Health,-29.91,Health purchase
2024-07-21,Shopping,-70.12,Shopping purchase
2024-07-21,Transport,-16.29,Transport purchase
2024-07-22,Dining,-58.41,Dining purchase
2024-07-23,Shopping,-24.85,Shopping purchase
2024-07-23,Health,-59.92,Health purchase
2024-07-24,Groceries,-47.34,Groceries purchase
2024-07-25,Groceries,-62.08,Groceries purchase
2024-07-25,Utilities,-167.22,Utilities purchase
2024-07-25,Groceries,-23.4,Groceries purchase
2024-07-26,Groceries,-19.61,Groceries purchase
2024-07-26,Dining,-10.97,Dining purchase
2024-07-26,Transport,-37.65,Transport purchase
2024-07-26,Groceries,-20.3,Groceries purchase
2024-07-26,Transport,-37.55,Transport purchase
2024-07-27,Groceries,-79.09,Groceries purchase
2024-07-27,Health,-10.54,Health purchase
2024-07-28,Entertainment,-48.62,Entertainment purchase
2024-07-28,Groceries,-57.74,Groceries purchase
2024-07-28,Entertainment,-13.29,Entertainment purchase
2024-07-28,Groceries,-32.94,Groceries purchase
2024-07-28,Entertainment,-10.42,Entertainment purchase
2024-07-29,Entertainment,-42.55,Entertainment purchase
2024-07-29,Health,-85.16,Health purchase
2024-07-30,Health,-85.85,Health purchase
2024-07-30,Entertainment,-13.92,Entertainment purchase
2024-07-30,Entertainment,-22.12,Entertainment purchase
2024-07-30,Utilities,-59.19,Utilities purchase
2024-07-31,Health,-54.76,Health purchase
2024-07-31,Shopping,-118.66,Shopping purchase
2024-08-01,Salary,3500.0,Monthly salary
2024-08-01,Groceries,-49.03,Groceries purchase
2024-08-01,Entertainment,-40.7,Entertainment purchase
2024-08-01,Dining,-50.53,Dining purchase
2024-08-01,Entertainment,-41.16,Entertainment purchase
2024-08-02,Rent,-1400.0,Rent payment
2024-08-03,Entertainment,-21.87,Entertainment purchase
2024-08-03,Transport,-11.79,Transport purchase
2024-08-04,Groceries,-53.03,Groceries purchase
2024-08-05,Shopping,-80.75,Shopping purchase
2024-08-05,Transport,-3.95,Transport purchase
2024-08-05,Dining,-27.77,Dining purchase
2024-08-06,Entertainment,-47.95,Entertainment purchase
2024-08-06,Groceries,-25.31,Groceries purchase
2024-08-06,Entertainment,-41.4,Entertainment purchase
2024-08-08,Health,-48.68,Health purchase
2024-08-08,Groceries,-45.04,Groceries purchase
2024-08-08,Dining,-22.81,Dining purchase
2024-08-08,Dining,-49.76,Dining purchase
2024-08-09,Entertainment,-16.54,Entertainment purchase
2024-08-09,Dining,-14.34,Dining purchase
2024-08-10,Transport,-29.23,Transport purchase
2024-08-10,Groceries,-50.58,Groceries purchase
2024-08-11,Transport,-4.61,Transport purchase
2024-08-11,Utilities,-211.25,Utilities purchase
2024-08-11,Utilities,-187.45,Utilities purchase
2024-08-12,Shopping,-135.6,Shopping purchase
2024-08-12,Utilities,-113.99,Utilities purchase
2024-08-13,Shopping,-45.57,Shopping purchase
2024-08-14,Utilities,-121.32,Utilities purchase
2024-08-14,Transport,-9.22,Transport purchase
2024-08-14,Entertainment,-43.69,Entertainment purchase
2024-08-15,Groceries,-55.65,Groceries purchase
2024-08-16,Dining,-38.91,Dining purchase
2024-08-16,Transport,-39.55,Transport purchase
2024-08-17,Dining,-30.27,Dining purchase
2024-08-18,Groceries,-17.82,Groceries purchase
2024-08-18,Transport,-13.14,Transport purchase
2024-08-18,Groceries,-61.26,Groceries purchase
2024-08-19,Groceries,-36.14,Groceries purchase
2024-08-19,Groceries,-47.3,Groceries purchase
2024-08-21,Shopping,-99.73,Shopping purchase
2024-08-21,Transport,-15.0,Transport purchase
2024-08-22,Entertainment,-25.4,Entertainment purchase
2024-08-22,Groceries,-50.24,Groceries purchase
2024-08-22,Health,-29.28,Health purchase
2024-08-22,Entertainment,-13.24,Entertainment purchase
2024-08-23,Transport,-30.98,Transport purchase
2024-08-24,Transport,-26.07,Transport purchase
2024-08-24,Transport,-34.16,Transport purchase
2024-08-24,Dining,-15.93,Dining purchase
2024-08-24,Health,-111.97,Health purchase
2024-08-26,Shopping,-118.61,Shopping purchase
2024-08-27,Dining,-21.68,Dining purchase
2024-08-28,Health,-70.92,Health purchase
2024-08-29,Utilities,-132.82,Utilities purchase
2024-08-29,Shopping,-77.56,Shopping purchase
2024-08-30,Shopping,-119.76,Shopping purchase
2024-08-30,Dining,-12.21,Dining purchase
2024-08-30,Shopping,-60.81,Shopping purchase
2024-08-30,Shopping,-131.0,Shopping purchase
2024-08-31,Entertainment,-19.92,Entertainment purchase
2024-09-01,Shopping,-138.88,Shopping purchase
2024-09-01,Transport,-25.43,Transport purchase
2024-09-01,Entertainment,-12.04,Entertainment purchase
2024-09-01,Salary,3500.0,Monthly salary
2024-09-02,Rent,-1400.0,Rent payment
2024-09-02,Dining,-11.54,Dining purchase
2024-09-02,Groceries,-21.19,Groceries purchase
2024-09-03,Utilities,-67.36,Utilities purchase
2024-09-03,Groceries,-54.13,Groceries purchase
2024-09-03,Transport,-19.26,Transport purchase
2024-09-03,Groceries,-55.58,Groceries purchase
2024-09-05,Health,-16.36,Health purchase
2024-09-05,Entertainment,-49.25,Entertainment purchase
2024-09-06,Groceries,-32.62,Groceries purchase
2024-09-08,Transport,-39.88,Transport purchase
2024-09-09,Transport,-18.77,Transport purchase
2024-09-09,Groceries,-72.29,Groceries purchase
2024-09-09,Transport,-10.2,Transport purchase
2024-09-10,Dining,-33.03,Dining purchase
2024-09-10,Groceries,-29.67,Groceries purchase
2024-09-10,Shopping,-7.59,Shopping purchase
2024-09-11,Transport,-10.96,Transport purchase
2024-09-13,Groceries,-49.26,Groceries purchase
2024-09-13,Transport,-34.24,Transport purchase
2024-09-13,Groceries,-45.2,Groceries purchase
2024-09-13,Groceries,-34.08,Groceries purchase
2024-09-14,Transport,-32.05,Transport purchase
2024-09-14,Shopping,-143.57,Shopping purchase
2024-09-14,Shopping,-51.42,Shopping purchase
2024-09-15,Shopping,-11.53,Shopping purchase
2024-09-15,Shopping,-72.45,Shopping purchase
2024-09-16,Groceries,-16.85,Groceries purchase
2024-09-16,Groceries,-60.71,Groceries purchase
2024-09-16,Entertainment,-5.92,Entertainment purchase
2024-09-16,Entertainment,-27.56,Entertainment purchase
2024-09-16,Transport,-8.56,Transport purchase
2024-09-18,Dining,-48.28,Dining purchase
2024-09-18,Entertainment,-12.52,Entertainment purchase
2024-09-18,Groceries,-18.69,Groceries purchase
2024-09-19,Groceries,-77.81,Groceries purchase
2024-09-19,Dining,-48.0,Dining purchase
2024-09-19,Utilities,-108.75,Utilities purchase
2024-09-20,Utilities,-179.43,Utilities purchase
2024-09-21,Dining,-58.96,Dining purchase
2024-09-21,Health,-97.86,Health purchase
2024-09-22,Dining,-56.26,Dining purchase
2024-09-22,Groceries,-37.31,Groceries purchase
2024-09-22,Dining,-30.85,Dining purchase
2024-09-22,Utilities,-209.75,Utilities purchase
2024-09-22,Groceries,-20.26,Groceries purchase
2024-09-23,Shopping,-130.04,Shopping purchase
2024-09-23,Shopping,-138.33,Shopping purchase
2024-09-23,Groceries,-63.34,Groceries purchase
2024-09-24,Groceries,-46.4,Groceries purchase
2024-09-24,Groceries,-20.96,Groceries purchase
2024-09-24,Entertainment,-41.62,Entertainment purchase
2024-09-24,Transport,-39.43,Transport purchase
2024-09-24,Health,-14.75,Health purchase
2024-09-25,Dining,-37.38,Dining purchase
2024-09-25,Entertainment,-44.17,Entertainment purchase
2024-09-25,Utilities,-177.0,Utilities purchase
2024-09-25,Groceries,-43.39,Groceries purchase
2024-09-27,Dining,-49.6,Dining purchase
2024-09-27,Groceries,-49.75,Groceries purchase
2024-09-27,Entertainment,-32.34,Entertainment purchase
2024-09-28,Shopping,-85.81,Shopping purchase
2024-09-30,Entertainment,-13.31,Entertainment purchase
2024-10-01,Salary,3500.0,Monthly salary
2024-10-01,Transport,-29.72,Transport purchase
2024-10-01,Dining,-53.59,Dining purchase
2024-10-01,Health,-50.51,Health purchase
2024-10-02,Rent,-1400.0,Rent payment
2024-10-02,Entertainment,-4.15,Entertainment purchase
2024-10-02,Utilities,-103.99,Utilities purchase
2024-10-02,Shopping,-19.39,Shopping purchase
2024-10-03,Transport,-25.33,Transport purchase
2024-10-03,Entertainment,-41.03,Entertainment purchase
2024-10-03,Transport,-23.77,Transport purchase
2024-10-04,Shopping,-107.91,Shopping purchase
2024-10-04,Shopping,-80.49,Shopping purchase
2024-10-04,Groceries,-34.73,Groceries purchase
2024-10-05,Dining,-30.57,Dining purchase
2024-10-07,Utilities,-115.82,Utilities purchase
2024-10-07,Health,-112.64,Health purchase
2024-10-08,Dining,-51.67,Dining purchase
2024-10-08,Dining,-37.74,Dining purchase
2024-10-09,Dining,-25.39,Dining purchase
2024-10-12,Health,-38.52,Health purchase
2024-10-12,Dining,-53.38,Dining purchase
2024-10-12,Shopping,-32.8,Shopping purchase
2024-10-13,Groceries,-61.5,Groceries purchase
2024-10-13,Transport,-19.16,Transport purchase
2024-10-13,Entertainment,-39.21,Entertainment purchase
2024-10-14,Groceries,-63.09,Groceries purchase
2024-10-15,Dining,-20.84,Dining purchase
2024-10-15,Groceries,-31.19,Groceries purchase
2024-10-16,Entertainment,-24.69,Entertainment purchase
2024-10-16,Shopping,-15.41,Shopping purchase
2024-10-17,Groceries,-73.64,Groceries purchase
2024-10-18,Dining,-26.06,Dining purchase
2024-10-19,Entertainment,-48.32,Entertainment purchase
2024-10-20,Dining,-21.53,Dining purchase
2024-10-20,Entertainment,-49.14,Entertainment purchase
2024-10-21,Transport,-20.17,Transport purchase
2024-10-21,Health,-76.94,Health purchase
2024-10-22,Groceries,-27.32,Groceries purchase
2024-10-23,Entertainment,-29.0,Entertainment purchase
2024-10-23,Groceries,-70.49,Groceries purchase
2024-10-23,Entertainment,-7.11,Entertainment purchase
2024-10-25,Health,-103.5,Health purchase
2024-10-25,Entertainment,-25.27,Entertainment purchase
2024-10-26,Transport,-32.84,Transport purchase
2024-10-26,Transport,-4.92,Transport purchase
2024-10-26,Shopping,-35.0,Shopping purchase
2024-10-27,Dining,-47.35,Dining purchase
2024-10-28,Shopping,-132.66,Shopping purchase
2024-10-29,Groceries,-16.43,Groceries purchase
2024-10-29,Health,-94.92,Health purchase
2024-10-30,Transport,-13.62,Transport purchase
2024-10-30,Health,-32.41,Health purchase
2024-10-30,Entertainment,-41.82,Entertainment purchase
2024-10-30,Dining,-48.33,Dining purchase
2024-10-31,Shopping,-136.48,Shopping purchase
2024-10-31,Shopping,-82.76,Shopping purchase
2024-10-31,Groceries,-59.32,Groceries purchase
2024-10-31,Shopping,-51.61,Shopping purchase
2024-11-01,Shopping,-100.22,Shopping purchase
2024-11-01,Salary,3500.0,Monthly salary
2024-11-01,Groceries,-24.53,Groceries purchase
2024-11-02,Rent,-1400.0,Rent payment
2024-11-02,Utilities,-55.02,Utilities purchase
2024-11-03,Entertainment,-44.95,Entertainment purchase
2024-11-03,Groceries,-61.74,Groceries purchase
2024-11-03,Transport,-22.51,Transport purchase
2024-11-03,Utilities,-69.87,Utilities purchase
2024-11-03,Shopping,-67.56,Shopping purchase
2024-11-03,Groceries,-12.86,Groceries purchase
2024-11-04,Entertainment,-18.46,Entertainment purchase
2024-11-04,Transport,-33.4,Transport purchase
2024-11-04,Transport,-16.24,Transport purchase
2024-11-05,Entertainment,-41.99,Entertainment purchase
2024-11-05,Groceries,-28.31,Groceries purchase
2024-11-05,Groceries,-35.66,Groceries purchase
2024-11-06,Health,-79.76,Health purchase
2024-11-06,Dining,-43.69,Dining purchase
2024-11-06,Shopping,-73.87,Shopping purchase
2024-11-06,Groceries,-57.98,Groceries purchase
2024-11-08,Shopping,-46.22,Shopping purchase
2024-11-08,Utilities,-164.95,Utilities purchase
2024-11-09,Groceries,-32.67,Groceries purchase
2024-11-09,Entertainment,-47.16,Entertainment purchase
2024-11-10,Shopping,-84.72,Shopping purchase
2024-11-10,Shopping,-102.59,Shopping purchase
2024-11-10,Transport,-7.11,Transport purchase
2024-11-10,Transport,-20.03,Transport purchase
2024-11-11,Entertainment,-46.23,Entertainment purchase
2024-11-11,Dining,-10.19,Dining purchase
2024-11-12,Shopping,-114.57,Shopping purchase
2024-11-12,Shopping,-8.59,Shopping purchase
2024-11-13,Shopping,-22.21,Shopping purchase
2024-11-13,Entertainment,-28.87,Entertainment purchase
2024-11-13,Groceries,-28.45,Groceries purchase
2024-11-13,Groceries,-43.88,Groceries purchase
2024-11-14,Dining,-46.65,Dining purchase
2024-11-14,Groceries,-73.4,Groceries purchase
2024-11-15,Shopping,-81.09,Shopping purchase
2024-11-15,Transport,-39.83,Transport purchase
2024-11-15,Shopping,-10.99,Shopping purchase
2024-11-15,Groceries,-28.29,Groceries purchase
2024-11-17,Groceries,-73.85,Groceries purchase
2024-11-17,Entertainment,-42.15,Entertainment purchase
2024-11-18,Dining,-48.24,Dining purchase
2024-11-18,Utilities,-200.65,Utilities purchase
2024-11-18,Transport,-25.46,Transport purchase
2024-11-18,Utilities,-146.51,Utilities purchase
2024-11-19,Groceries,-38.15,Groceries purchase
2024-11-19,Transport,-27.13,Transport purchase
2024-11-20,Transport,-4.69,Transport purchase
2024-11-20,Transport,-10.26,Transport purchase
2024-11-20,Health,-46.45,Health purchase
2024-11-20,Dining,-26.82,Dining purchase
2024-11-20,Groceries,-30.82,Groceries purchase
2024-11-21,Transport,-3.2,Transport purchase
2024-11-21,Groceries,-26.9,Groceries purchase
2024-11-24,Dining,-56.45,Dining purchase
2024-11-24,Dining,-12.53,Dining purchase
2024-11-24,Utilities,-60.49,Utilities purchase
2024-11-25,Entertainment,-49.67,Entertainment purchase
2024-11-25,Groceries,-30.68,Groceries purchase
2024-11-25,Dining,-29.94,Dining purchase
2024-11-26,Dining,-11.1,Dining purchase
2024-11-26,Utilities,-49.2,Utilities purchase
2024-11-26,Shopping,-143.53,Shopping purchase
2024-11-26,Shopping,-6.23,Shopping purchase
2024-11-27,Dining,-31.72,Dining purchase
2024-11-27,Dining,-14.29,Dining purchase
2024-11-28,Groceries,-36.12,Groceries purchase
2024-11-28,Health,-83.54,Health purchase
2024-11-29,Utilities,-204.39,Utilities purchase
2024-11-29,Utilities,-197.27,Utilities purchase
2024-11-29,Entertainment,-9.55,Entertainment purchase
2024-11-30,Transport,-8.26,Transport purchase
2024-12-01,Salary,3500.0,Monthly salary
2024-12-02,Rent,-1400.0,Rent payment
2024-12-02,Transport,-4.62,Transport purchase
2024-12-02,Groceries,-49.99,Groceries purchase
2024-12-03,Dining,-42.99,Dining purchase
2024-12-03,Dining,-23.93,Dining purchase
2024-12-03,Shopping,-70.28,Shopping purchase
2024-12-03,Shopping,-124.43,Shopping purchase
2024-12-04,Transport,-16.73,Transport purchase
2024-12-04,Utilities,-167.01,Utilities purchase
2024-12-04,Entertainment,-21.23,Entertainment purchase
2024-12-05,Groceries,-72.53,Groceries purchase
2024-12-06,Groceries,-55.92,Groceries purchase
2024-12-07,Entertainment,-31.87,Entertainment purchase
2024-12-07,Dining,-24.18,Dining purchase
2024-12-08,Health,-59.94,Health purchase
2024-12-09,Transport,-4.02,Transport purchase
2024-12-10,Groceries,-38.38,Groceries purchase
2024-12-10,Groceries,-13.59,Groceries purchase
2024-12-10,Entertainment,-25.09,Entertainment purchase
2024-12-11,Health,-44.54,Health purchase
2024-12-11,Shopping,-92.82,Shopping purchase
2024-12-12,Entertainment,-42.35,Entertainment purchase
2024-12-12,Transport,-23.04,Transport purchase
2024-12-12,Transport,-8.7,Transport purchase
2024-12-12,Dining,-25.7,Dining purchase
2024-12-13,Groceries,-15.92,Groceries purchase
2024-12-13,Dining,-22.05,Dining purchase
2024-12-14,Groceries,-42.19,Groceries purchase
2024-12-14,Utilities,-128.0,Utilities purchase
2024-12-14,Dining,-59.68,Dining purchase
2024-12-15,Groceries,-77.55,Groceries purchase
2024-12-15,Shopping,-109.99,Shopping purchase
2024-12-15,Dining,-10.05,Dining purchase
2024-12-15,Transport,-23.09,Transport purchase
2024-12-16,Shopping,-23.97,Shopping purchase
2024-12-16,Shopping,-45.71,Shopping purchase
2024-12-17,Health,-63.17,Health purchase
2024-12-17,Shopping,-90.78,Shopping purchase
2024-12-17,Dining,-22.86,Dining purchase
2024-12-18,Transport,-21.22,Transport purchase
2024-12-18,Transport,-35.03,Transport purchase
2024-12-19,Health,-12.1,Health purchase
2024-12-19,Shopping,-70.56,Shopping purchase
2024-12-19,Transport,-26.18,Transport purchase
2024-12-19,Dining,-52.04,Dining purchase
2024-12-19,Groceries,-70.07,Groceries purchase
2024-12-19,Shopping,-14.99,Shopping purchase
2024-12-20,Dining,-26.65,Dining purchase
2024-12-20,Shopping,-46.14,Shopping purchase
2024-12-20,Groceries,-77.11,Groceries purchase
2024-12-20,Groceries,-79.85,Groceries purchase
2024-12-21,Entertainment,-42.37,Entertainment purchase
2024-12-21,Entertainment,-10.57,Entertainment purchase
2024-12-21,Entertainment,-39.37,Entertainment purchase
2024-12-22,Groceries,-66.96,Groceries purchase
2024-12-22,Groceries,-35.72,Groceries purchase
2024-12-22,Dining,-29.17,Dining purchase
2024-12-22,Transport,-5.87,Transport purchase
2024-12-23,Health,-67.48,Health purchase
2024-12-24,Transport,-32.4,Transport purchase
2024-12-25,Groceries,-39.4,Groceries purchase
2024-12-26,Dining,-49.78,Dining purchase
2024-12-27,Transport,-11.36,Transport purchase
2024-12-27,Utilities,-216.22,Utilities purchase
2024-12-27,Utilities,-104.41,Utilities purchase
2024-12-28,Shopping,-78.44,Shopping purchase
2024-12-29,Entertainment,-41.84,Entertainment purchase
2024-12-29,Shopping,-85.56,Shopping purchase
2024-12-29,Entertainment,-15.13,Entertainment purchase
2024-12-30,Shopping,-45.08,Shopping purchase
2024-12-31,Utilities,-49.78,Utilities purchase
2024-12-31,Entertainment,-18.61,Entertainment purchase
